date,SPY,XLB,XLC,XLE,XLF,XLI,XLK,XLP,XLRE,XLU,XLV,XLY
2000-01-31,87.6767349243164,6.493252277374268,,6.843847274780273,11.18181324005127,17.0369815826416,18.812559127807617,12.397272109985352,,5.550708770751953,20.314241409301758,10.069478034973145
2000-02-29,86.34171295166016,5.840881824493408,,6.554121494293213,9.98483657836914,16.097017288208008,20.78916358947754,10.94662094116211,,4.8760881423950195,18.985960006713867,9.50844955444336
2000-03-31,94.46942138671875,6.4149699211120605,,7.344997406005859,11.765140533447266,18.300071716308594,22.533214569091797,11.321784019470215,,5.368717193603516,20.693748474121094,10.832927703857422
2000-04-30,91.38325500488281,6.216576099395752,,7.259612560272217,11.922364234924316,18.602746963500977,20.463607788085938,11.960330963134766,,5.762788772583008,20.45128059387207,10.628045082092285
2000-05-31,89.94648742675781,6.020399570465088,,8.112066268920898,12.188488960266113,18.524248123168945,18.335865020751953,12.813453674316406,,5.7501420974731445,19.903106689453125,10.054351806640625
2000-06-30,91.50128173828125,5.479830741882324,,7.6288838386535645,11.557398796081543,17.75895118713379,20.161306381225586,13.507648468017578,,5.513055324554443,19.945276260375977,9.49223518371582
2000-07-31,90.27659606933594,5.553765296936035,,7.373672962188721,12.619730949401855,18.070955276489258,19.091617584228516,13.044236183166504,,5.6408257484436035,19.650102615356445,9.661348342895508
2000-08-31,96.17540740966797,5.680783271789551,,8.178933143615723,13.901538848876953,19.860355377197266,21.033336639404297,12.88495922088623,,5.860592842102051,20.345870971679688,9.260725021362305
2000-09-30,90.6711654663086,5.093872547149658,,8.277612686157227,14.160944938659668,19.23111915588379,17.254541397094727,13.404714584350586,,6.580430030822754,19.607938766479492,9.249115943908691
2000-10-31,90.4737319946289,5.573271751403809,,8.08742904663086,14.081308364868164,19.71734619140625,16.26624298095703,14.389769554138184,,7.020415306091309,19.903106689453125,9.155664443969727
2000-11-30,83.7196044921875,5.432286739349365,,7.663235664367676,13.3619384765625,19.04694938659668,12.929280281066895,14.886269569396973,,7.0172038078308105,18.089906692504883,8.928664207458496
2000-12-31,83.02738952636719,6.040280818939209,,8.420440673828125,14.448643684387207,19.71734619140625,11.650300979614258,15.382752418518066,,6.821300506591797,18.38507843017578,9.533995628356934
2001-01-31,86.9847183227539,6.0321807861328125,,8.176505088806152,14.467667579650879,19.875469207763672,13.878044128417969,14.302927017211914,,6.531971454620361,19.717763900756836,10.669336318969727
2001-02-28,78.68746185302734,6.110297679901123,,8.077250480651855,13.49431037902832,18.684328079223633,10.421557426452637,14.389342308044434,,6.667532444000244,19.339874267578125,9.907513618469238
2001-03-31,74.0785903930664,5.77758264541626,,7.812592506408691,13.046957969665527,16.846940994262695,9.227229118347168,13.352282524108887,,6.52571439743042,18.098230361938477,9.743192672729492
2001-04-30,80.62435913085938,6.423379421234131,,8.645438194274902,13.563623428344727,18.82651138305664,10.719205856323242,13.651371002197266,,6.889101028442383,19.437889099121094,10.2158203125
2001-05-31,80.17240905761719,6.670434474945068,,8.56375789642334,14.160426139831543,19.61438751220703,10.280171394348145,13.851799964904785,,6.937407970428467,20.180307388305664,10.459054946899414
2001-06-30,78.03998565673828,6.4117536544799805,,7.746947288513184,14.007519721984863,18.3626766204834,10.481087684631348,13.169233322143555,,6.542542934417725,19.9440860748291,10.354280471801758
2001-07-31,77.4639892578125,6.422701358795166,,7.693577289581299,13.925424575805664,18.364255905151367,9.755561828613281,13.613263130187988,,6.530092716217041,19.553964614868164,10.837964057922363
2001-08-31,72.86788177490234,6.396425247192383,,7.36787748336792,13.004654884338379,17.73386001586914,8.564950942993164,13.678479194641113,,6.297402858734131,18.56141471862793,9.889177322387695
2001-09-30,66.66946411132812,5.60526704788208,,6.6216044425964355,12.21753978729248,15.072183609008789,7.1622633934021,13.618700981140137,,6.189519882202148,15.867339134216309,8.614117622375488
2001-10-31,67.79107666015625,5.791520118713379,,6.927056789398193,12.097867012023926,15.40407657623291,7.943602561950684,13.574763298034668,,5.908937931060791,15.95492172241211,9.095145225524902
2001-11-30,73.07723999023438,6.525742530822754,,6.540212154388428,12.88351058959961,16.94512939453125,9.130488395690918,14.174449920654297,,5.834331512451172,17.805753707885742,10.3063325881958
2001-12-31,73.2374267578125,6.2907938957214355,,6.885794639587402,13.077430725097656,17.712448120117188,8.929572105407715,13.847349166870117,,5.9750189781188965,18.204280853271484,10.757701873779297
2002-01-31,72.76921081542969,6.478064060211182,,6.668158054351807,12.98462963104248,16.59343719482422,8.83283519744873,13.803220748901367,,5.8043413162231445,18.1012020111084,11.128721237182617
2002-02-28,71.4639892578125,6.820880889892578,,6.896041393280029,12.759895324707031,17.00906753540039,7.683155536651611,14.093186378479004,,5.793599605560303,18.933513641357422,11.188995361328125
2002-03-31,73.6307373046875,7.007066249847412,,7.481287479400635,13.558947563171387,17.418302536010742,8.06265926361084,14.279195785522461,,6.053526878356934,20.022981643676758,11.317085266113281
2002-04-30,69.54737091064453,6.698524475097656,,7.236285209655762,13.258356094360352,16.263568878173828,7.087850093841553,13.788236618041992,,5.732212066650391,19.910064697265625,11.014487266540527
2002-05-31,69.13468170166016,7.030629634857178,,7.108968734741211,13.218265533447266,16.334108352661133,6.793918132781982,13.63460922241211,,5.684571743011475,20.187639236450195,10.95790958404541
2002-06-30,63.808677673339844,6.87644100189209,,6.8075642585754395,12.59693717956543,15.295193672180176,5.886077404022217,12.208050727844238,,5.251460552215576,18.7388916015625,10.361922264099121
2002-07-31,58.98503494262695,6.127117156982422,,5.89972448348999,11.600996971130371,14.464461326599121,5.327981472015381,11.722419738769531,,4.521657466888428,18.201873779296875,9.141257286071777
2002-08-31,59.38621139526367,6.094338893890381,,5.988598823547363,11.817410469055176,14.239460945129395,5.283331394195557,11.8159818649292,,4.700948715209961,18.3779354095459,9.417122840881348
2002-09-30,52.92218017578125,5.27182674407959,,5.531153678894043,10.403148651123047,12.548718452453613,4.401535987854004,10.891390800476074,,4.082174301147461,17.1861515045166,8.566862106323242
2002-10-31,57.53363037109375,5.606128692626953,,5.6637773513793945,11.415525436401367,13.215736389160156,5.491688251495361,11.388381958007812,,4.036755084991455,18.24485206604004,9.156482696533203
2002-11-30,61.08232116699219,6.280664443969727,,5.8976874351501465,11.840572357177734,13.906208992004395,6.362321376800537,11.072656631469727,,4.154049396514893,18.808639526367188,9.580259323120117
2002-12-31,57.34510040283203,5.947895050048828,,5.868778705596924,11.132162094116211,13.286722183227539,5.506571292877197,11.04495906829834,,4.238149166107178,18.03428840637207,8.744068145751953
2003-01-31,56.2095832824707,5.693949222564697,,5.75111722946167,11.05642318725586,12.639738082885742,5.390859127044678,10.725236892700195,,4.187867164611816,18.04041862487793,8.472040176391602
2003-02-28,55.451961517333984,5.542914390563965,,5.920190334320068,10.715361595153809,12.445077896118164,5.416975021362305,10.396682739257812,,3.9639170169830322,17.63816261291504,8.434117317199707
2003-03-31,55.3474235534668,5.551975727081299,,5.896413803100586,10.567740440368652,12.529428482055664,5.334900856018066,10.340999603271484,,4.120680332183838,18.21769142150879,8.61994457244873
2003-04-30,60.27254867553711,6.080840110778809,,5.876963138580322,11.949838638305664,13.93861198425293,5.8236212730407715,10.705883026123047,,4.5246076583862305,18.86850929260254,9.642599105834961
2003-05-31,63.57765197753906,6.268972873687744,,6.501039505004883,12.558318138122559,14.316390991210938,6.323535919189453,11.232216835021973,,4.981820583343506,19.258190155029297,10.155305862426758
2003-06-30,64.02359008789062,6.290215969085693,,6.38684606552124,12.553204536437988,14.583436012268066,6.368303298950195,11.288206100463867,,5.006720542907715,20.051219940185547,10.288228034973145
2003-07-31,65.41317749023438,6.822915554046631,,6.190739154815674,13.161177635192871,15.098445892333984,6.5660295486450195,11.322521209716797,,4.711578369140625,19.807069778442383,10.492682456970215
2003-08-31,66.76236724853516,7.012104034423828,,6.585664749145508,13.007065773010254,15.685945510864258,6.8794097900390625,11.513764381408691,,4.805168628692627,19.073467254638672,11.028914451599121
2003-09-30,65.78173065185547,6.661190509796143,,6.417552947998047,13.053300857543945,15.202898979187012,6.819718837738037,11.429397583007812,,4.999204158782959,19.066608428955078,10.488880157470703
2003-10-31,69.56887817382812,7.33427619934082,,6.511552810668945,14.031305313110352,16.200191497802734,7.319633483886719,11.987732887268066,,5.078644752502441,19.25375747680664,11.458413124084473
2003-11-30,70.3286361694336,7.499924182891846,,6.562510013580322,13.979659080505371,16.521181106567383,7.424094200134277,12.128827095031738,,5.090160369873047,19.66634178161621,11.561230659484863
2003-12-31,73.51969909667969,8.187033653259277,,7.388521194458008,14.527066230773926,17.53000831604004,7.603165149688721,12.29250717163086,,5.373458385467529,20.732175827026367,11.991534233093262
2004-01-31,75.32740783691406,7.871054172515869,,7.588726043701172,15.091663360595703,17.79387092590332,7.983741760253906,12.344584465026855,,5.5352582931518555,21.377117156982422,11.955546379089355
2004-02-29,76.34969329833984,8.281423568725586,,7.987421989440918,15.522846221923828,17.662212371826172,7.780861854553223,13.047396659851074,,5.639871597290039,21.60482406616211,12.215201377868652
2004-03-31,75.07520294189453,8.062352180480957,,7.9039106369018555,15.27348804473877,17.3857364654541,7.574222087860107,12.968048095703125,,5.653822422027588,20.652587890625,12.123558044433594
2004-04-30,73.912841796875,7.715821743011475,,8.07275676727295,14.674593925476074,17.439558029174805,7.284928321838379,13.185715675354004,,5.456248760223389,21.347454071044922,12.002168655395508
2004-05-31,75.17849731445312,7.932562828063965,,8.048408508300781,14.925084114074707,17.868946075439453,7.570462703704834,13.111757278442383,,5.521876811981201,21.278276443481445,12.078641891479492
2004-06-30,76.29093933105469,8.29172420501709,,8.516436576843262,14.914645195007324,18.932491302490234,7.777105808258057,13.134511947631836,,5.568749904632568,21.13993263244629,12.09393310546875
2004-07-31,74.10244750976562,8.14082145690918,,8.81381607055664,14.671133041381836,18.442331314086914,7.303714275360107,12.532794952392578,,5.702619552612305,20.06118392944336,11.65042495727539
2004-08-31,74.28300476074219,8.27769660949707,,8.678008079528809,15.148452758789062,18.455568313598633,6.980607509613037,12.755477905273438,,5.934316635131836,20.387208938598633,11.627455711364746
2004-09-30,74.717529296875,8.570103645324707,,9.487415313720703,14.928153038024902,18.786542892456055,7.183489799499512,12.367212295532227,,5.922497272491455,19.970998764038086,11.945228576660156
2004-10-31,75.99525451660156,8.52911376953125,,9.582509994506836,15.088136672973633,19.044960021972656,7.49907922744751,12.499792098999023,,6.26283597946167,19.585451126098633,12.445866584777832
2004-11-30,79.143798828125,9.222940444946289,,10.228792190551758,15.557501792907715,20.240665435791016,7.882298946380615,12.809432029724121,,6.5417680740356445,19.96811294555664,12.967314720153809
2004-12-31,81.3848876953125,9.29170036315918,,9.904288291931152,16.10070037841797,20.63922691345215,7.931143283843994,13.233724594116211,,6.639511585235596,21.004789352416992,13.530945777893066
2005-01-31,79.93599700927734,9.060188293457031,,10.276899337768555,15.85048770904541,20.16241455078125,7.632585525512695,13.443829536437988,,6.844890117645264,20.413225173950195,12.992313385009766
2005-02-28,81.60697937011719,9.773813247680664,,12.001116752624512,15.744357109069824,20.39609146118164,7.644077301025391,13.42656135559082,,6.991700649261475,21.027362823486328,12.923083305358887
2005-03-31,79.80070495605469,9.481449127197266,,11.732913970947266,15.0651216506958,20.315959930419922,7.494646072387695,13.25383186340332,,7.015769958496094,20.838930130004883,12.753854751586914
2005-04-30,78.61316680908203,8.835819244384766,,11.134915351867676,15.172003746032715,19.643470764160156,7.230263710021973,13.170150756835938,,7.28727388381958,21.638303756713867,11.959367752075195
2005-05-31,81.14645385742188,8.779037475585938,,11.445207595825195,15.620119094848633,20.266542434692383,7.732203006744385,13.476566314697266,,7.282427787780762,21.911401748657227,12.698883056640625
2005-06-30,80.9427261352539,8.561375617980957,,12.205846786499023,15.721481323242188,19.68366813659668,7.632585525512695,13.152806282043457,,7.653456687927246,21.72933578491211,12.625703811645508
2005-07-31,84.37893676757812,9.078804016113281,,13.111671447753906,16.06167984008789,20.48492431640625,8.065558433532715,13.640286445617676,,7.889566421508789,22.2872371673584,13.361593246459961
2005-08-31,83.58788299560547,8.698405265808105,,13.94906234741211,15.798730850219727,20.001352310180664,7.988921642303467,13.402095794677734,,7.94090461730957,22.209959030151367,12.92186450958252
2005-09-30,83.90157318115234,8.717425346374512,,14.783696174621582,15.841655731201172,20.25657081604004,8.00808048248291,13.524093627929688,,8.21473217010498,22.020320892333984,12.532280921936035
2005-10-31,82.26592254638672,8.784492492675781,,13.486178398132324,16.419729232788086,20.04656410217285,7.824167728424072,13.527442932128906,,7.747063636779785,21.410545349121094,12.299582481384277
2005-11-30,85.88169860839844,9.457038879394531,,13.687838554382324,17.20238494873047,21.213083267211914,8.318442344665527,13.650053024291992,,7.734744071960449,21.671220779418945,12.790322303771973
2005-12-31,85.26537322998047,9.651469230651855,,13.897784233093262,17.09442710876465,21.186111450195312,8.00808048248291,13.597511291503906,,7.732281684875488,22.347557067871094,12.616440773010254
2006-01-31,87.7757797241211,10.196645736694336,,15.969854354858398,17.358015060424805,21.374469757080078,8.333003997802734,13.689478874206543,,7.990080833435059,22.710859298706055,12.90612506866455
2006-02-28,88.27837371826172,9.978189468383789,,14.496393203735352,17.727447509765625,22.03923797607422,8.352290153503418,13.806836128234863,,8.094460487365723,22.97239112854004,12.999340057373047
2006-03-31,89.3798599243164,10.392608642578125,,15.066944122314453,17.683977127075195,22.9278621673584,8.54132080078125,13.84791088104248,,7.662031650543213,22.604833602905273,13.07313060760498
2006-04-30,90.86884307861328,10.814807891845703,,15.87271785736084,18.548961639404297,23.511058807373047,8.42944622039795,14.056363105773926,,7.842255592346191,21.97686195373535,13.242873191833496
2006-05-31,88.13177490234375,10.378989219665527,,15.43104076385498,17.84983253479004,23.10933494567871,7.881626605987549,14.08585262298584,,7.96995210647583,21.51590347290039,13.021444320678711
2006-06-30,87.97280883789062,10.36284351348877,,15.764384269714355,17.664119720458984,23.020816802978516,7.843047618865967,14.26871109008789,,8.085136413574219,21.44499397277832,12.970940589904785
2006-07-31,88.75736999511719,10.042552947998047,,16.352455139160156,18.1738224029541,21.769001007080078,7.638580799102783,14.57044506072998,,8.54417896270752,22.69781494140625,12.566534042358398
2006-08-31,90.69425964355469,10.344803810119629,,15.521595001220703,18.388080596923828,22.01474952697754,8.174823760986328,15.133810043334961,,8.7789888381958,23.345508575439453,12.81568717956543
2006-09-30,92.73528289794922,10.283049583435059,,14.902623176574707,19.019874572753906,22.758806228637695,8.487311363220215,15.05078411102295,,8.582052230834961,23.623098373413086,13.605957984924316
2006-10-31,96.07870483398438,10.964498519897461,,15.591547966003418,19.5757999420166,23.499649047851562,8.840882301330566,15.394368171691895,,9.10944652557373,23.782339096069336,14.51364517211914
2006-11-30,97.9892349243164,11.441781997680664,,16.928844451904297,19.71392822265625,24.075483322143555,9.09215259552002,15.263258934020996,,9.351245880126953,23.753767013549805,14.6969575881958
2006-12-31,98.74929809570312,11.389476776123047,,16.402883529663086,20.299602508544922,24.000080108642578,8.991645812988281,15.567209243774414,,9.346152305603027,23.918025970458984,14.962194442749023
2007-01-31,100.79296112060547,11.9800386428833,,16.300376892089844,20.645145416259766,24.698585510253906,9.22590446472168,15.963665008544922,,9.397701263427734,24.733089447021484,15.446258544921875
2007-02-28,98.81568908691406,12.300610542297363,,15.966449737548828,20.01598358154297,24.422155380249023,8.97708511352539,15.718076705932617,,9.895964622497559,24.159725189208984,14.984349250793457
2007-03-31,99.56591033935547,12.574909210205078,,16.914901733398438,19.83782196044922,24.567270278930664,9.066507339477539,15.963665008544922,,10.196465492248535,24.11672592163086,14.88648796081543
2007-04-30,104.38871765136719,12.779668807983398,,17.84030532836914,20.69293212890625,25.763154983520508,9.494170188903809,16.494352340698242,,10.755045890808105,25.97654914855957,15.266454696655273
2007-05-31,107.92955017089844,13.534139633178711,,19.228233337402344,21.190553665161133,27.09979248046875,9.97237491607666,16.717084884643555,,10.804105758666992,26.422555923461914,15.725273132324219
2007-06-30,105.89517211914062,13.401775360107422,,19.422483444213867,20.228858947753906,27.037464141845703,9.952936172485352,16.283662796020508,,10.22052001953125,25.401065826416016,15.42331314086914
2007-07-31,103.02164459228516,13.103163719177246,,19.48170280456543,18.495521545410156,27.364011764526367,9.940475463867188,15.917601585388184,,9.880393981933594,24.322948455810547,14.53523063659668
2007-08-31,104.34378814697266,13.013421058654785,,19.716049194335938,18.973365783691406,27.370962142944336,10.131114959716797,16.293128967285156,,10.036397933959961,24.879838943481445,14.625578880310059
2007-09-30,107.87155151367188,13.997323036193848,,21.119295120239258,19.29380989074707,28.523563385009766,10.492937088012695,16.947277069091797,,10.348414421081543,25.566938400268555,14.468453407287598
2007-10-31,109.85368347167969,14.645851135253906,,21.712738037109375,19.102420806884766,28.29789924621582,11.071378707885742,17.303586959838867,,11.11530876159668,26.13508415222168,14.42607307434082
2007-11-30,105.59877014160156,13.907876014709473,,20.798364639282227,17.556325912475586,27.4953556060791,10.237125396728516,17.778657913208008,,11.188624382019043,26.468950271606445,13.638840675354004
2007-12-31,103.85844421386719,13.92457389831543,,22.46291160583496,16.384023666381836,27.327884674072266,10.393058776855469,17.54111671447754,,11.08388900756836,25.627056121826172,12.871285438537598
2008-01-31,98.09696197509766,13.467081069946289,,19.753541946411133,16.653303146362305,25.944091796875,9.105510711669922,16.651601791381836,,10.347804069519043,24.547746658325195,12.915719985961914
2008-02-29,95.5618667602539,13.777215957641602,,21.584152221679688,14.761658668518066,25.418188095092773,8.67470932006836,16.60875129699707,,9.923020362854004,23.89216423034668,12.416218757629395
2008-03-31,94.24077606201172,13.541236877441406,,21.01935386657715,14.213030815124512,26.224559783935547,8.772623062133789,17.05565071105957,,10.010089874267578,22.704830169677734,12.178359985351562
2008-04-30,99.22134399414062,14.307170867919922,,23.268707275390625,15.330062866210938,27.115787506103516,9.323431015014648,17.017610549926758,,10.597853660583496,23.033306121826172,12.484184265136719
2008-05-31,100.72122955322266,15.051102638244629,,24.478395462036133,14.2642822265625,27.355243682861328,9.930633544921875,17.53459358215332,,10.977871894836426,23.47231101989746,12.82556438446045
2008-06-30,91.84393310546875,14.111035346984863,,25.184282302856445,11.671822547912598,23.953441619873047,8.974782943725586,16.463682174682617,,10.81576919555664,22.374786376953125,11.3052339553833
2008-07-31,91.47392272949219,13.717085838317871,,21.232589721679688,12.571502685546875,24.25668716430664,8.780393600463867,16.93699836730957,,10.194530487060547,23.486286163330078,11.36613941192627
2008-08-31,92.88754272460938,13.503066062927246,,21.303936004638672,12.449448585510254,24.92184829711914,8.937536239624023,17.394426345825195,,10.082094192504883,23.97144317626953,12.150975227355957
2008-09-30,83.65576934814453,11.345975875854492,,18.064821243286133,11.560202598571777,21.794227600097656,7.798244953155518,17.060626983642578,,8.896122932434082,22.0896053314209,11.115158081054688
2008-10-31,70.24117279052734,8.857138633728027,,14.716048240661621,9.112667083740234,17.91486358642578,6.563536167144775,15.011012077331543,,7.808073043823242,19.642498016357422,9.187331199645996
2008-11-30,65.3519287109375,7.910599231719971,,14.3953857421875,7.428614139556885,16.442113876342773,6.011646270751953,14.979898452758789,,8.134869575500488,18.40191650390625,8.1918306350708
2008-12-31,65.46075439453125,7.770497798919678,,13.676762580871582,7.346465110778809,16.662677764892578,6.074716567993164,14.855424880981445,,7.840481281280518,19.605571746826172,8.623613357543945
2009-01-31,60.57325744628906,7.283994197845459,,13.503087043762207,5.502782344818115,14.805912017822266,5.8179097175598145,13.902706146240234,,7.925879001617432,19.48729133605957,7.766656398773193
2009-02-28,54.0647087097168,6.699474334716797,,11.836788177490234,4.526097774505615,12.284387588500977,5.595973014831543,12.779194831848145,,6.933091163635254,17.072736740112305,7.061694145202637
2009-03-31,58.15267562866211,7.6817402839660645,,12.219552040100098,5.246700286865234,13.239835739135742,6.1904449462890625,13.243664741516113,,6.987789154052734,17.986549377441406,7.915702819824219
2009-04-30,64.3874740600586,8.932472229003906,,13.242722511291504,6.454229354858398,15.782832145690918,6.870906829833984,13.890344619750977,,7.147937774658203,18.075658798217773,9.432577133178711
2009-05-31,68.15113830566406,9.454428672790527,,14.949409484863281,7.356499671936035,16.312307357788086,7.030228614807129,14.597487449645996,,7.402331352233887,19.30910873413086,9.363731384277344
2009-06-30,67.72395324707031,8.977705001831055,,13.899365425109863,7.188074111938477,15.927891731262207,7.253283977508545,14.51540470123291,,7.712030410766602,19.66793441772461,9.347529411315918
2009-07-31,73.1876449584961,10.186880111694336,,14.717609405517578,7.866033554077148,17.43621063232422,7.882279396057129,15.599921226501465,,8.093613624572754,20.938798904418945,10.278206825256348
2009-08-31,75.89112854003906,10.428255081176758,,14.877522468566895,8.887831687927246,18.268596649169922,8.0103178024292,15.790783882141113,,8.174715995788574,21.502283096313477,10.640206336975098
2009-09-30,78.20955657958984,10.823558807373047,,15.677079200744629,9.032939910888672,19.232410430908203,8.35041332244873,16.197967529296875,,8.202683448791504,21.53984832763672,11.173026084899902
2009-10-31,77.0713119506836,10.306465148925781,,16.135135650634766,8.521162986755371,18.563621520996094,8.276972770690918,16.550695419311523,,8.021759986877441,21.18178939819336,10.944089889526367
2009-11-30,81.81940460205078,11.416497230529785,,16.593637466430664,8.891120910644531,20.193166732788086,8.734800338745117,17.159414291381836,,8.40886116027832,23.15131187438965,11.678594589233398
2009-12-31,82.93575286865234,11.58862590789795,,16.64911460876465,8.73343276977539,20.398696899414062,9.208680152893066,16.960773468017578,,8.764883041381836,23.44560432434082,12.147859573364258
2010-01-31,80.35191345214844,10.646021842956543,,16.002727508544922,8.631932258605957,20.228313446044922,8.447752952575684,16.94676399230957,,8.442934036254883,23.734455108642578,11.861404418945312
2010-02-28,82.85846710205078,11.126399993896484,,16.484281539916992,8.936302185058594,21.306964874267578,8.74197769165039,17.483631134033203,,8.331427574157715,23.825504302978516,12.521965026855469
2010-03-31,87.5423583984375,11.98118782043457,,16.889488220214844,9.709400177001953,23.080080032348633,9.31026554107666,18.065771102905273,,8.4801025390625,24.37940788269043,13.473834037780762
2010-04-30,89.26276397705078,12.031965255737305,,17.65285301208496,9.859661102294922,24.145137786865234,9.457162857055664,17.947444915771484,,8.780588150024414,23.509387969970703,14.313455581665039
2010-05-31,82.17041778564453,10.885054588317871,,15.631513595581055,8.956669807434082,21.94339370727539,8.749594688415527,17.115995407104492,,8.295976638793945,21.979141235351562,13.306337356567383
2010-06-30,77.54983520507812,10.04256820678711,,14.63852310180664,8.425861358642578,20.33469581604004,8.2482328414917,16.563871383666992,,8.151754379272461,21.469064712524414,11.974469184875488
2010-07-31,83.24073028564453,11.381148338317871,,15.936619758605957,8.993836402893066,22.56536865234375,8.894158363342285,17.65097999572754,,8.852801322937012,21.861295700073242,12.965699195861816
2010-08-31,79.49653625488281,11.036267280578613,,15.155184745788574,8.290719985961914,21.00090980529785,8.395079612731934,17.32386589050293,,8.981058120727539,21.501657485961914,12.450201988220215
2010-09-30,86.15457153320312,11.654924392700195,,16.593746185302734,8.773728370666504,23.30288314819336,9.34049129486084,18.239782333374023,,9.147212982177734,23.3304500579834,13.778117179870605
2010-10-31,89.9246826171875,12.624950408935547,,17.615636825561523,8.922127723693848,24.095537185668945,9.915860176086426,18.95627212524414,,9.341172218322754,23.973426818847656,14.587791442871094
2010-11-30,89.9246826171875,12.766438484191895,,18.647476196289062,8.860849380493164,24.417522430419922,9.752968788146973,18.659767150878906,,9.058460235595703,23.28122901916504,14.956002235412598
2010-12-31,95.43448638916016,13.934616088867188,,20.29486083984375,9.773897171020508,26.109737396240234,10.257923126220703,19.312070846557617,,9.22926139831543,24.227237701416016,15.477293014526367
2011-01-31,98.17172241210938,14.058881759643555,,21.84868049621582,10.086091041564941,27.274213790893555,10.621759414672852,19.194927215576172,,9.453003883361816,24.492069244384766,15.472855567932129
2011-02-28,101.58196258544922,14.431923866271973,,23.458589553833008,10.36284351348877,27.85371208190918,10.854707717895508,19.753223419189453,,9.569228172302246,25.2574462890625,16.40089988708496
2011-03-31,101.15469360351562,14.636734008789062,,23.81999969482422,10.07994270324707,28.35042381286621,10.650365829467773,19.886159896850586,,9.49770736694336,25.597612380981445,16.251079559326172
2011-04-30,104.53644561767578,14.996973991394043,,24.118961334228516,10.100152969360352,29.253536224365234,10.965203285217285,21.068817138671875,,9.979591369628906,27.368457794189453,16.931859970092773
2011-05-31,103.36410522460938,14.586006164550781,,23.1090087890625,9.767187118530273,28.44471549987793,10.850384712219238,21.596874237060547,,10.193266868591309,28.04414176940918,16.885942459106445
2011-06-30,101.11904907226562,14.446561813354492,,22.581554412841797,9.46504020690918,28.149913787841797,10.538735389709473,20.874977111816406,,10.075896263122559,27.593687057495117,16.789894104003906
2011-07-31,99.58756256103516,14.02554988861084,,22.995695114135742,9.158679008483887,26.34477424621582,10.626224517822266,20.75211524963379,,10.084357261657715,26.62849998474121,16.614526748657227
2011-08-31,94.1126480102539,13.040328025817871,,20.64649772644043,8.27994155883789,24.612770080566406,10.06218147277832,20.792510986328125,,10.303252220153809,26.066577911376953,15.742945671081543
2011-09-30,87.12852478027344,10.833730697631836,,17.599454879760742,7.308375358581543,22.197067260742188,9.716350555419922,19.964582443237305,,10.22116756439209,24.763259887695312,14.607376098632812
2011-10-31,97.13832092285156,12.77953052520752,,21.050678253173828,8.386655807495117,25.52970314025879,10.749312400817871,21.042810440063477,,10.70328140258789,26.332599639892578,16.406570434570312
2011-11-30,96.7435302734375,12.805499076843262,,21.40096664428711,7.958005905151367,25.88874626159668,10.588133811950684,21.625825881958008,,10.813843727111816,26.58369255065918,16.288835525512695
2011-12-31,97.13832092285156,12.42712116241455,,20.875534057617188,8.076041221618652,25.781801223754883,10.517875671386719,22.02580451965332,,11.05033016204834,27.21925163269043,16.406570434570312
2012-01-31,102.2876968383789,13.888249397277832,,21.436969757080078,8.790493965148926,27.85405921936035,11.219732284545898,21.910255432128906,,10.770363807678223,28.24774169921875,17.4744873046875
2012-02-29,106.72753143310547,13.809810638427734,,22.70760154724121,9.22813892364502,28.63076400756836,12.016695976257324,22.731124877929688,,10.83558177947998,28.547565460205078,18.265323638916016
2012-03-31,109.67961883544922,13.809810638427734,,21.758413314819336,9.878364562988281,28.77687644958496,12.51894760131836,23.31257438659668,,10.882165908813477,29.67591667175293,19.0688419342041
2012-04-30,109.42487335205078,13.749898910522461,,21.687204360961914,9.67783260345459,28.594284057617188,12.417563438415527,23.504762649536133,,11.177165031433105,29.746362686157227,19.3481502532959
2012-05-31,102.85333251953125,12.68126392364502,,19.370532989501953,8.787199974060059,26.786380767822266,11.630537033081055,23.229694366455078,,11.239853858947754,28.667856216430664,18.28337860107422
2012-06-30,106.47549438476562,13.232453346252441,,20.20465660095215,9.182337760925293,27.558979034423828,11.963669776916504,23.91048812866211,,11.594037055969238,30.142885208129883,18.57184600830078
2012-07-31,108.29330444335938,13.134529113769531,,21.305587768554688,9.239099502563477,27.798084259033203,12.231683731079102,24.67059326171875,,11.996148109436035,30.608339309692383,18.53533172607422
2012-08-31,111.00630187988281,13.439888954162598,,21.880661010742188,9.554208755493164,28.225027084350586,12.745868682861328,24.552879333496094,,11.499467849731445,30.967117309570312,19.391000747680664
2012-09-30,113.216064453125,13.873434066772461,,22.461868286132812,9.825204849243164,28.35699462890625,12.887996673583984,24.809072494506836,,11.512130737304688,31.987655639648438,19.918882369995117
2012-10-31,111.74908447265625,13.654287338256836,,22.104602813720703,10.062216758728027,28.50929069519043,12.118505477905273,24.677400588989258,,11.796980857849121,32.07453536987305,19.680816650390625
2012-11-30,112.3815689086914,13.90820026397705,,21.83421516418457,9.973616600036621,29.00930404663086,12.227643966674805,25.130632400512695,,11.291850090026855,32.24278259277344,20.30451011657715
2012-12-31,112.58707427978516,14.226532936096191,,21.9448299407959,10.372305870056152,29.61090087890625,12.11011028289795,24.335718154907227,,11.16397476196289,31.95433235168457,20.266075134277344
2013-01-31,119.18983459472656,14.918133735656738,,23.88801383972168,11.067747116088867,31.543825149536133,12.411974906921387,25.997852325439453,,11.826666831970215,34.56783676147461,21.552589416503906
2013-02-28,120.7105712890625,14.715496063232422,,23.993026733398438,11.201478004455566,32.2442626953125,12.50908088684082,26.858097076416016,,12.101481437683105,35.00286102294922,21.896543502807617
2013-03-31,124.73930358886719,14.979305267333984,,24.493316650390625,11.596298217773438,32.86602783203125,12.77927017211914,28.04271697998047,,12.641412734985352,37.016822814941406,22.7864990234375
2013-04-30,127.7012710571289,15.1830415725708,,24.280458450317383,11.94848918914795,32.763607025146484,13.056188583374023,29.01033592224121,,13.511059761047363,38.293548583984375,23.548967361450195
2013-05-31,130.7162628173828,15.470963478088379,,24.97223663330078,12.676898956298828,34.407711029052734,13.420746803283691,28.379688262939453,,12.288114547729492,38.92463684082031,24.20011329650879
2013-06-30,128.29312133789062,14.722372055053711,,24.28976821899414,12.427702903747559,33.70423126220703,12.967169761657715,28.110393524169922,,12.271805763244629,38.52010726928711,24.320844650268555
2013-07-31,135.6367950439453,15.65904426574707,,25.690393447875977,13.144989967346191,35.87852096557617,13.518341064453125,29.5206356048584,,12.935073852539062,41.46593475341797,25.68358612060547
2013-08-31,131.56878662109375,15.639700889587402,,25.42544174194336,12.471381187438965,34.988704681396484,13.3777494430542,28.179759979248047,,12.289306640625,40.00300598144531,24.95250129699707
2013-09-30,135.07403564453125,16.250904083251953,,25.843122482299805,12.772900581359863,36.87161636352539,13.650416374206543,28.386592864990234,,12.31237506866455,41.11644744873047,26.228673934936523
2013-10-31,142.01773071289062,17.016536712646484,,27.0527400970459,13.248357772827148,38.80534744262695,14.40573787689209,30.396350860595703,,12.89931869506836,43.06513595581055,27.51181983947754
2013-11-30,146.22682189941406,17.238134384155273,,27.068405151367188,13.834449768066406,40.22603225708008,14.850961685180664,30.870073318481445,,12.649846076965332,45.097198486328125,28.46200180053711
2013-12-31,149.2079315185547,17.969030380249023,,27.716617584228516,14.079197883605957,41.7105598449707,15.300467491149902,30.848543167114258,,12.629887580871582,45.24408721923828,28.99566650390625
2014-01-31,144.7300567626953,17.229307174682617,,26.231788635253906,13.627728462219238,40.13409423828125,14.9801025390625,29.477540969848633,,13.14498233795166,45.856544494628906,27.365049362182617
2014-02-28,151.317626953125,18.41861915588379,,27.575159072875977,14.041861534118652,41.76258087158203,15.638334274291992,30.627431869506836,,13.598843574523926,48.70822525024414,29.116195678710938
2014-03-31,151.90234375,18.496864318847656,,28.018754959106445,14.456002235412598,41.97917556762695,15.638334274291992,31.140907287597656,,13.938390731811523,47.92975616455078,28.192710876464844
2014-04-30,153.63348388671875,18.723926544189453,,29.63614845275879,14.262765884399414,42.72603988647461,15.74881649017334,32.15679931640625,,14.647761344909668,47.79130935668945,27.896875381469727
2014-05-31,157.19873046875,19.277746200561523,,30.13249969482422,14.477100372314453,43.5478401184082,16.340744018554688,32.73829650878906,,14.488438606262207,49.16453552246094,28.70092010498047
2014-06-30,159.678955078125,19.497703552246094,,31.646875381469727,14.76937484741211,43.55589294433594,16.569751739501953,32.43300247192383,,15.003704071044922,50.019718170166016,29.164119720458984
2014-07-31,158.28811645507812,19.198320388793945,,30.691673278808594,14.61264419555664,41.94975280761719,16.92827796936035,31.57223129272461,,14.102922439575195,50.27360916137695,28.88471221923828
2014-08-31,164.53472900390625,19.940200805664062,,31.361846923828125,15.232097625732422,43.722286224365234,17.483869552612305,33.02862548828125,,14.796950340270996,52.70847702026367,30.169164657592773
2014-09-30,161.50979614257812,19.56925392150879,,28.78276824951172,15.108208656311035,43.018123626708984,17.318925857543945,33.01399612426758,,14.390106201171875,52.74974822998047,29.23542594909668
2014-10-31,166.0862579345703,19.188241958618164,,27.90925407409668,15.609333038330078,44.896217346191406,17.67247200012207,34.40147399902344,,15.685808181762695,55.72090148925781,29.953386306762695
2014-11-30,170.64892578125,19.489545822143555,,25.48293113708496,15.97599983215332,46.27864074707031,18.52252197265625,36.30897903442383,,15.868644714355469,57.659156799316406,31.585214614868164
2014-12-31,169.28175354003906,19.259607315063477,,25.2722110748291,16.19206428527832,46.010292053222656,18.02556610107422,35.71242904663086,,16.289505004882812,56.64032745361328,31.73474884033203
2015-01-31,165.1727752685547,19.02593994140625,,24.269533157348633,15.142855644226074,44.62495803833008,17.483957290649414,35.62059783935547,,16.817550659179688,57.58991622924805,30.912322998046875
2015-02-28,174.45619201660156,20.541946411132812,,25.384231567382812,16.024709701538086,47.01279830932617,18.88178825378418,37.09675979614258,,15.742090225219727,60.05915069580078,33.55348587036133
2015-03-31,170.95314025878906,19.460798263549805,,24.921646118164062,15.866767883300781,45.606266021728516,18.158771514892578,36.1546745300293,,15.463650703430176,60.27527618408203,33.27964401245117
2015-04-30,173.40489196777344,20.19114875793457,,26.740432739257812,15.93920612335205,45.70082473754883,18.734683990478516,36.0999641418457,,15.51174545288086,59.78525161743164,33.37370681762695
2015-05-31,175.63421630859375,20.26723861694336,,25.352951049804688,16.249658584594727,45.848690032958984,19.082265853881836,36.413414001464844,,15.609968185424805,62.4781379699707,33.81242370605469
2015-06-30,171.23377990722656,19.37822151184082,,24.30830955505371,16.10434341430664,44.41104507446289,18.215490341186523,35.5252799987793,,14.5435791015625,62.01959991455078,33.8922004699707
2015-07-31,175.95358276367188,18.48518943786621,,22.587995529174805,16.725414276123047,44.763641357421875,18.818971633911133,37.78054428100586,,15.571427345275879,64.07371520996094,35.66254806518555
2015-08-31,165.22918701171875,17.443256378173828,,21.627567291259766,15.544478416442871,42.34464645385742,17.780349731445312,35.527679443359375,,15.02983283996582,58.97056579589844,33.333065032958984
2015-09-30,160.180419921875,16.059383392333984,,19.924842834472656,15.03363037109375,41.188819885253906,17.457704544067383,35.43757629394531,,15.323636054992676,55.40674591064453,33.01298141479492
2015-10-31,174.70895385742188,18.31698989868164,,22.31185531616211,16.053844451904297,45.046993255615234,19.378854751586914,37.699283599853516,21.55960464477539,15.63268756866455,59.897987365722656,36.13163375854492
2015-11-30,175.34747314453125,18.499025344848633,,22.308570861816406,16.37386131286621,45.43712615966797,19.516483306884766,37.35160446166992,21.4202880859375,15.300384521484375,59.70487594604492,36.04684066772461
2015-12-31,171.297607421875,17.564571380615234,,19.783193588256836,15.887179374694824,44.00111770629883,19.014808654785156,38.16032791137695,21.72260856628418,15.464752197265625,60.477317810058594,34.877723693847656
2016-01-31,163.73800659179688,15.801012992858887,,19.26409912109375,14.571194648742676,41.74628829956055,18.400875091552734,38.6469841003418,20.558427810668945,16.39719009399414,56.045467376708984,33.207275390625
2016-02-29,163.60272216796875,17.03590965270996,,18.724672317504883,14.148543357849121,43.52503967285156,18.280405044555664,38.768802642822266,20.65703010559082,16.714889526367188,55.8431396484375,33.35513687133789
2016-03-31,173.71170043945312,18.26266098022461,,20.481969833374023,15.094465255737305,46.32260513305664,19.792985916137695,40.39813232421875,22.65018653869629,17.9134464263916,57.1500358581543,35.44317626953125
2016-04-30,175.29579162597656,19.26259422302246,,22.498037338256836,15.707273483276367,47.139442443847656,18.893014907836914,40.02418518066406,22.3121337890625,17.611669540405273,59.05592727661133,35.63404846191406
2016-05-31,178.2778778076172,19.197153091430664,,22.288055419921875,16.003765106201172,46.93800354003906,19.816808700561523,40.29969024658203,22.69608497619629,17.877193450927734,60.375972747802734,35.65205764770508
2016-06-30,177.97201538085938,18.9517765045166,,22.744680404663086,15.404047966003418,47.01354217529297,19.44908332824707,42.20524215698242,23.883502960205078,19.08476448059082,60.68060302734375,35.121150970458984
2016-07-31,185.42214965820312,20.01243782043457,,22.605926513671875,16.02159309387207,48.9860725402832,20.93170738220215,42.11271286010742,24.860666275024414,19.112524032592773,63.8900146484375,36.85319900512695
2016-08-31,185.6442413330078,19.95899772644043,,22.985036849975586,16.638072967529297,49.450279235839844,21.175060272216797,41.86634063720703,23.930131912231445,18.052757263183594,61.81697082519531,36.37459182739258
2016-09-30,184.7218780517578,19.626079559326172,,23.6895809173584,16.094966888427734,49.27303695678711,21.531049728393555,40.965576171875,23.492826461791992,17.964754104614258,61.264732360839844,36.13980484008789
2016-10-31,182.436279296875,19.314105987548828,,23.161090850830078,16.540592193603516,48.54944610595703,21.45720863342285,40.90167236328125,22.305294036865234,18.280664443969727,57.45070266723633,35.3983039855957
2016-11-30,189.1569366455078,20.632007598876953,,25.122114181518555,18.861642837524414,52.96226119995117,21.493408203125,39.18195343017578,21.62784767150879,17.289522171020508,58.63621139526367,37.09796905517578
2016-12-31,191.86061096191406,20.532869338989258,,25.42251968383789,19.481706619262695,52.80101013183594,21.882553100585938,40.05730056762695,22.16115379333496,17.962614059448242,58.79826736450195,36.894004821777344
2017-01-31,196.4450225830078,21.608308792114258,,24.735790252685547,19.620670318603516,54.11479568481445,22.760848999023438,41.042850494384766,22.538564682006836,18.364280700683594,60.409698486328125,38.67627716064453
2017-02-28,204.16360473632812,21.728910446166992,,24.220029830932617,20.6560001373291,56.232242584228516,23.792545318603516,43.00173568725586,23.588069915771484,19.33140754699707,64.23883056640625,39.378414154052734
2017-03-31,203.53334045410156,21.79545021057129,,23.717857360839844,19.97420310974121,55.549190521240234,24.228851318359375,42.59590148925781,23.191749572753906,19.15964698791504,63.69916534423828,40.098758697509766
2017-04-30,206.44790649414062,22.139373779296875,,23.156953811645508,19.876445770263672,56.89960479736328,24.810340881347656,43.290687561035156,23.376605987548828,19.451988220214844,64.91020202636719,41.18360900878906
2017-05-31,209.36148071289062,22.143545150756836,,22.33772087097168,19.639923095703125,57.91169738769531,25.791263580322266,44.43612289428711,23.53171157836914,20.257156372070312,65.40886688232422,41.636322021484375
2017-06-30,209.6736602783203,22.44808006286621,,22.160221099853516,20.83942985534668,58.41771697998047,24.965476989746094,43.10240173339844,23.782833099365234,19.549808502197266,68.1256332397461,40.986976623535156
2017-07-31,215.02684020996094,22.901121139526367,,22.897066116333008,21.275272369384766,58.86656951904297,26.183774948120117,43.73517990112305,24.272605895996094,20.186342239379883,68.9571762084961,41.90548324584961
2017-08-31,215.6542510986328,23.08135223388672,,21.642568588256836,20.944570541381836,58.99583053588867,26.94877052307129,43.25291442871094,24.518386840820312,20.85011863708496,70.16563415527344,41.1257209777832
2017-09-30,218.91311645507812,23.80643653869629,,23.536338806152344,21.92820167541504,61.1847038269043,27.07243537902832,42.67579650878906,24.01192855834961,20.121856689453125,70.5453872680664,41.31837844848633
2017-10-31,225.18365478515625,24.861713409423828,,23.647798538208008,22.64975929260254,61.923309326171875,28.939067840576172,42.23561477661133,24.379030227661133,21.06647491455078,70.2679672241211,42.343753814697266
2017-11-30,232.06654357910156,25.097688674926758,,24.062175750732422,23.433141708374023,64.50306701660156,29.34821319580078,44.59043884277344,25.09164047241211,21.632118225097656,72.3125,44.488773345947266
2017-12-31,233.6865692138672,25.506437301635742,,25.162569046020508,23.765220642089844,65.50727081298828,29.39877700805664,45.25871658325195,24.70907974243164,20.133920669555664,71.62809753417969,45.42780303955078
2018-01-31,248.11874389648438,26.656269073486328,,26.238025665283203,25.44106101989746,69.39698028564453,31.584827423095703,46.34043502807617,24.503883361816406,19.688966751098633,76.62871551513672,49.79472351074219
2018-02-28,239.0970001220703,25.25040054321289,,23.395124435424805,24.696819305419922,66.71615600585938,31.455625534057617,42.80599594116211,22.835407257080078,18.925168991088867,73.18431854248047,48.067317962646484
2018-03-31,231.61563110351562,24.11132049560547,,23.629989624023438,23.584726333618164,64.6620101928711,30.186695098876953,42.18085861206055,23.571054458618164,19.49222755432129,70.80108642578125,46.783302307128906
2018-04-30,233.7450714111328,24.23318862915039,,26.057668685913086,23.567554473876953,63.113624572753906,30.299644470214844,40.66079330444336,23.564823150634766,20.04408073425293,71.80049133300781,48.03743362426758
2018-05-31,239.42723083496094,24.73052215576172,,26.83788299560547,23.33574104309082,65.05371856689453,32.35481643676758,40.02408218383789,24.09119987487793,19.822490692138672,71.93144989013672,48.99169158935547
2018-06-30,239.72767639160156,24.683765411376953,45.92560958862305,26.80964469909668,22.829193115234375,62.5980339050293,32.15576934814453,41.53122329711914,24.953227996826172,20.1995792388916,72.84790802001953,50.63154983520508
2018-07-31,249.72506713867188,25.507566452026367,44.933467864990234,27.410133361816406,24.100791931152344,67.49054718017578,32.943199157714844,43.50969696044922,25.42763328552246,20.7058162689209,77.90996551513672,51.67951202392578
2018-08-31,257.69635009765625,25.311128616333008,45.60107421875,26.457605361938477,24.428457260131836,67.64850616455078,35.11711883544922,43.680259704589844,26.043128967285156,20.972530364990234,81.28288269042969,54.31760025024414
2018-09-30,258.0602722167969,24.738880157470703,45.43416976928711,26.919652938842773,23.78174591064453,68.78913116455078,34.991703033447266,43.80207824707031,25.089115142822266,20.650901794433594,83.35919952392578,54.4430046081543
2018-10-31,241.31466674804688,22.573972702026367,42.80512619018555,24.03426170349121,22.761308670043945,61.60979461669922,32.29983901977539,44.99483871459961,24.949705123901367,21.248144149780273,78.01142120361328,49.09018325805664
2018-11-30,245.79086303710938,23.4321346282959,41.84748840332031,23.65850257873535,23.358924865722656,63.95499801635742,31.665983200073242,46.017269134521484,26.318092346191406,22.000078201293945,84.31739807128906,50.30601501464844
2018-12-31,222.8480224609375,21.67719078063965,38.379573822021484,20.52359962463379,20.63068962097168,56.787166595458984,28.88808822631836,41.53496170043945,24.102237701416016,20.943408966064453,76.0853271484375,46.12278747558594
2019-01-31,242.0959930419922,23.040395736694336,43.028446197509766,23.038179397583008,22.60692024230957,63.66706085205078,31.026355743408203,44.069393157958984,27.00465202331543,21.85567283630371,80.1059799194336,50.87263870239258
2019-02-28,249.9438018798828,23.774578094482422,42.83256912231445,23.569162368774414,23.112394332885742,67.72108459472656,33.1702995300293,44.853553771972656,27.303560256958008,22.753686904907227,80.97179412841797,51.54138946533203
2019-03-31,253.3519287109375,23.968921661376953,43.62540817260742,23.8834171295166,22.406471252441406,66.55900573730469,34.64016342163086,46.31454849243164,28.491355895996094,23.216663360595703,81.06014251708984,53.24369812011719
2019-04-30,264.8634948730469,24.918241500854492,46.78591537475586,24.067092895507812,24.544315338134766,69.6014404296875,36.96399688720703,47.89620590209961,28.5042724609375,23.60596466064453,79.1539306640625,56.34419631958008
2019-05-31,247.97283935546875,22.879669189453125,44.00136947631836,21.39499855041504,22.783647537231445,64.28385162353516,33.76118087768555,46.1533203125,28.852375030517578,23.4210147857666,77.39810943603516,52.05984115600586
2019-06-30,263.9446105957031,25.373666763305664,45.99166488647461,23.193382263183594,24.176414489746094,69.07504272460938,36.64936447143555,48.19499588012695,29.089710235595703,23.975881576538086,82.1512222290039,55.935935974121094
2019-07-31,269.23846435546875,25.455608367919922,47.56316375732422,23.03404998779297,24.871868133544922,69.73384857177734,38.06544494628906,49.699649810791016,29.830806732177734,24.134851455688477,81.16588592529297,56.84453201293945
2019-08-31,264.73040771484375,24.735654830932617,46.39235305786133,21.116378784179688,23.70091438293457,67.88790893554688,37.48105239868164,50.778438568115234,31.26612663269043,25.362873077392578,80.68501281738281,56.30773162841797
2019-09-30,268.64111328125,25.394521713256836,46.38298034667969,21.748254776000977,24.651765823364258,69.5635986328125,37.95234298706055,51.36383056640625,31.369792938232422,26.23829460144043,80.2664566040039,56.83510971069336
2019-10-31,275.84716796875,25.517810821533203,47.52387237548828,21.487451553344727,25.39687728881836,70.72502899169922,39.55501174926758,51.4489860534668,31.57176399230957,26.241086959838867,84.73130798339844,57.09452438354492
2019-11-30,285.8323669433594,26.329082489013672,49.34523010253906,21.832237243652344,26.67999839782715,73.90498352050781,41.67766189575195,52.15561294555664,31.02590560913086,25.750980377197266,88.97010803222656,57.85041809082031
2019-12-31,292.69842529296875,26.934246063232422,50.34978485107422,22.25857162475586,27.23748779296875,73.39151000976562,43.33702087402344,52.98001480102539,31.041955947875977,26.392210006713867,91.0895004272461,59.25358200073242
2020-01-31,294.01861572265625,25.41156005859375,50.72280502319336,20.60331916809082,26.646827697753906,73.4304428100586,45.214317321777344,53.58361053466797,31.834228515625,28.39295196533203,89.60369873046875,59.401519775390625
2020-02-29,270.7424011230469,23.246524810791016,47.759033203125,17.45345115661621,23.649505615234375,66.16073608398438,41.913230895996094,49.181922912597656,29.85422134399414,25.593996047973633,83.70182800292969,54.90327453613281
2020-03-31,235.5493927001953,19.86008644104004,41.624507904052734,11.203826904296875,18.51758575439453,53.422874450683594,38.118896484375,46.196563720703125,25.15577507019043,22.80738067626953,80.05948638916016,46.489810943603516
2020-04-30,267.0212097167969,23.028980255126953,47.44068908691406,14.978401184082031,20.44161605834961,58.58188247680664,43.58147430419922,49.693878173828125,27.731542587280273,23.804821014404297,90.57443237304688,55.53642654418945
2020-05-31,279.7435607910156,24.613662719726562,50.96949768066406,15.277965545654297,20.997730255126953,61.73859786987305,46.70907974243164,50.52126693725586,28.32835578918457,24.8150577545166,93.55331420898438,59.151527404785156
2020-06-30,283.4572448730469,25.013166427612305,50.988365173339844,14.919269561767578,20.75554084777832,62.67831039428711,49.81761169433594,50.01802062988281,28.45917320251465,23.459768295288086,90.8832015991211,60.82809829711914
2020-07-31,301.47161865234375,26.940383911132812,54.95823669433594,14.384004592895508,21.691326141357422,65.7332763671875,52.79472351074219,53.89781188964844,29.872785568237305,25.500118255615234,96.24796295166016,65.4049072265625
2020-08-31,322.51324462890625,28.114219665527344,59.808319091796875,14.232297897338867,22.6210880279541,71.30498504638672,59.06717300415039,56.37349319458008,29.86455535888672,24.837779998779297,98.73784637451172,71.6541748046875
2020-09-30,309.1994934082031,28.404335021972656,56.15892791748047,11.956729888916016,21.72743797302246,70.54437255859375,55.79231262207031,55.10127639770508,29.057174682617188,24.892276763916016,96.2023696899414,70.16942596435547
2020-10-31,302.6969299316406,28.331804275512695,56.08824920654297,11.654315948486328,21.656333923339844,69.79740905761719,53.11768341064453,53.83827590942383,28.303815841674805,26.37478256225586,93.08704376220703,68.4004898071289
2020-11-30,335.62335205078125,31.83403968811035,61.96235656738281,14.916873931884766,25.305049896240234,80.98410034179688,59.16447830200195,57.85927963256836,30.251502990722656,26.56926918029785,100.48566436767578,75.23719024658203
2020-12-31,346.5802001953125,32.46183395385742,63.933048248291016,15.37947940826416,26.757278442382812,81.46247863769531,62.29805374145508,58.32622528076172,30.30124282836914,26.510080337524414,103.8736343383789,76.92123413085938
2021-01-31,344.5107421875,31.835363388061523,63.46575927734375,16.16910171508789,26.417173385620117,78.3076400756836,61.91966247558594,55.88471603393555,30.861663818359375,26.499608993530273,105.76386260986328,77.65338134765625
2021-02-28,354.09002685546875,33.146820068359375,67.91635131835938,19.800153732299805,29.483205795288086,83.70242309570312,62.764923095703125,55.195865631103516,31.34860610961914,24.883623123168945,103.53877258300781,77.24116516113281
2021-03-31,368.95703125,35.512840270996094,69.57698822021484,20.174365997314453,31.07097816467285,90.94474792480469,63.783058166503906,59.564453125,33.15361785888672,27.305469512939453,107.33609008789062,80.55801391601562
2021-04-30,389.7511291503906,37.581703186035156,74.19638061523438,20.525556564331055,33.23427200317383,94.44927215576172,67.23367309570312,60.99992370605469,36.26586151123047,28.660587310791016,111.94354248046875,85.8947982788086
2021-05-31,392.3102111816406,39.4915771484375,74.89984893798828,21.697498321533203,34.81991958618164,97.40514373779297,66.60801696777344,62.0782470703125,36.68134307861328,27.9904727935791,114.03791809082031,82.9759292602539
2021-06-30,399.8008117675781,37.25133514404297,76.97221374511719,22.387365341186523,33.62838363647461,94.88478088378906,71.06461334228516,61.34182357788086,37.5886344909668,27.16141128540039,116.20610809326172,85.71715545654297
2021-07-31,410.9007568359375,38.190311431884766,78.47242736816406,20.73532485961914,33.605167388916016,96.0771713256836,73.96243286132812,63.09912872314453,39.581356048583984,28.55851173400879,122.40227508544922,86.7481918334961
2021-08-31,423.1291198730469,38.91303253173828,81.53893280029297,20.319698333740234,35.33511734008789,97.14614868164062,76.5949935913086,63.760921478271484,40.69078826904297,29.671070098876953,125.2365493774414,88.29631042480469
2021-09-30,402.1207275390625,35.95853042602539,76.29157257080078,21.868864059448242,34.53456115722656,90.94613647460938,71.9952621459961,60.74318313598633,37.934261322021484,27.653745651245117,117.91001892089844,86.27700805664062
2021-10-31,431.713623046875,38.85944747924805,76.60334777832031,24.420669555664062,37.20705032348633,97.44125366210938,78.01931762695312,63.26156234741211,41.03889083862305,29.184762954711914,124.38582611083984,96.85474395751953
2021-11-30,428.2448425292969,38.644874572753906,71.90030670166016,23.196870803833008,35.08147048950195,93.97222900390625,81.49212646484375,62.40918731689453,40.669864654541016,28.687511444091797,120.58415222167969,98.43889617919922
2021-12-31,446.4815979003906,41.36576843261719,74.10395050048828,23.583559036254883,36.08881378173828,98.67223358154297,83.97957611083984,68.46453857421875,44.46309280395508,31.221723556518555,130.9573974609375,98.43889617919922
2022-01-31,424.4195251464844,38.74895095825195,70.6907958984375,28.37401580810547,36.270999908447266,94.29862213134766,78.3798599243164,67.91476440429688,40.97489547729492,30.442846298217773,122.44719696044922,89.1877212524414
2022-02-28,411.89190673828125,38.257999420166016,65.43318939208984,30.379831314086914,35.7695426940918,93.50297546386719,74.55693817138672,66.95822143554688,39.010108947753906,29.862560272216797,121.26219940185547,85.56137084960938
2022-03-31,426.0514831542969,40.446659088134766,65.7486572265625,32.90216064453125,35.583831787109375,96.39542388916016,76.90875244140625,67.84325408935547,41.8231315612793,32.733192443847656,127.82167053222656,89.21182250976562
2022-04-30,389.8648376464844,39.161991119384766,56.600555419921875,32.65631103515625,32.171268463134766,89.35298919677734,68.56184387207031,69.72252655029297,40.56544494628906,31.535770416259766,121.94931030273438,78.6656723022461
2022-05-31,390.7448425292969,39.62256622314453,57.673912048339844,37.89262008666992,33.06621170043945,88.93975830078125,68.09156036376953,66.87577819824219,38.49364471435547,32.89439010620117,123.7651138305664,74.63770294189453
2022-06-30,356.98175048828125,33.8977165222168,52.01002502441406,31.074552536010742,29.31864356994629,82.02742004394531,61.62905502319336,64.81929779052734,35.56874084472656,31.03569793701172,120.0305404663086,66.39828491210938
2022-07-31,391.5393371582031,36.233150482177734,54.153324127197266,34.45943832397461,31.592992782592773,90.21691131591797,70.10099792480469,67.39604187011719,38.90872573852539,32.98811340332031,124.44739532470703,78.82337951660156
2022-08-31,375.5638122558594,34.971744537353516,52.2415885925293,35.37343215942383,30.974441528320312,87.66059875488281,65.74581909179688,66.14747619628906,36.72372817993164,33.16208267211914,117.26628875732422,75.27987670898438
2022-09-30,339.45001220703125,31.539949417114258,46.00679397583008,31.647130966186523,28.4533748626709,78.1427230834961,57.73539352416992,60.37506866455078,31.59908103942871,29.223146438598633,113.8355484008789,68.95773315429688
2022-10-31,368.5467834472656,34.549259185791016,46.412132263183594,39.979129791259766,32.01356506347656,89.42609405517578,62.30721664428711,66.24080657958984,32.52428436279297,29.991432189941406,125.27372741699219,69.86857604980469
2022-11-30,389.0348205566406,38.59275436401367,49.58906173706055,40.48997497558594,34.20873260498047,96.4114761352539,66.24922180175781,70.29322814941406,34.74688720703125,32.079795837402344,131.1906280517578,70.90667724609375
2022-12-31,364.9396667480469,36.228214263916016,46.20033645629883,38.855262756347656,32.2208366394043,93.08466339111328,60.635887145996094,67.88909912109375,32.701393127441406,31.662118911743164,128.1991729736328,62.65517044067383
2023-01-31,389.6708984375,39.734619140625,53.156471252441406,40.359466552734375,34.66024398803711,96.99544525146484,66.43944549560547,67.6330337524414,36.350406646728516,31.28276252746582,126.36780548095703,72.33165740966797
2023-02-28,379.87359619140625,38.41090774536133,51.63164138793945,37.55904006958008,33.863887786865234,96.15740203857422,66.71311950683594,66.06462860107422,34.218994140625,29.430879592895508,120.50234985351562,70.7945556640625
2023-03-31,392.46063232421875,37.861724853515625,55.94553756713867,37.17307662963867,30.47939682006836,96.35738372802734,73.7939224243164,68.52267456054688,33.47568893432617,30.648866653442383,122.67230224609375,72.7402572631836
2023-04-30,400.251953125,37.97454071044922,57.966209411621094,38.60402297973633,31.60247039794922,95.62435150146484,73.86868286132812,71.3680419921875,34.0476188659668,31.46316146850586,127.02239227294922,72.14254760742188
2023-05-31,402.099609375,35.36746597290039,60.23065948486328,34.73137283325195,30.25909996032715,92.6121826171875,80.45578002929688,66.9720458984375,32.50532913208008,29.615873336791992,121.6001968383789,73.97222137451172
2023-06-30,426.57098388671875,39.06827926635742,62.978981018066406,36.80826950073242,32.1169548034668,102.62405395507812,85.14757537841797,68.35443115234375,33.99350357055664,29.84849739074707,126.26139068603516,82.8521957397461
2023-07-31,442.17047119140625,40.610084533691406,66.67731475830078,40.01909637451172,33.811424255371094,106.01062774658203,87.52949523925781,70.30581665039062,34.77570343017578,30.838035583496094,128.13746643066406,84.94020080566406
2023-08-31,434.9842834472656,39.26936721801758,65.64987182617188,40.67784118652344,32.902259826660156,103.90808868408203,86.20930480957031,67.53071594238281,33.71030807495117,28.948301315307617,127.23961639404297,83.4588623046875
2023-09-30,412.8946228027344,37.213279724121094,63.55619812011719,41.35030746459961,31.7442684173584,97.33163452148438,80.45252990722656,63.86457443237305,31.024044036865234,27.095352172851562,122.969970703125,78.70193481445312
2023-10-31,405.3560485839844,36.20733642578125,62.8888053894043,39.25907897949219,31.107519149780273,94.8169174194336,80.66373443603516,63.40971374511719,30.38106918334961,27.66718864440918,119.4461441040039,74.49282836914062
2023-11-30,442.3828430175781,39.23017883300781,67.79591369628906,38.977962493896484,34.510501861572266,103.19390869140625,91.06576538085938,66.02609252929688,34.171817779541016,29.090177536010742,125.9392318725586,82.66205596923828
2023-12-31,460.7120361328125,40.72016906738281,70.60415649414062,38.63694381713867,36.14470291137695,109.8838882446289,94.6658935546875,67.30622100830078,36.76935958862305,29.354379653930664,130.80189514160156,87.57437133789062
2024-01-31,469.9472351074219,39.40842056274414,73.91413879394531,38.80799102783203,37.444278717041016,109.41891479492188,97.43788146972656,68.65440368652344,35.37016296386719,28.751293182373047,135.24107360839844,83.85987854003906
2024-02-29,494.4722900390625,41.9730110168457,77.3039779663086,40.078163146972656,38.97064208984375,117.2795639038086,102.02190399169922,70.09489440917969,36.27922821044922,29.055416107177734,139.51856994628906,90.47860717773438
2024-03-31,509.060791015625,44.52802276611328,79.54438781738281,43.92593765258789,40.690216064453125,122.08705139160156,102.65776062011719,71.89318084716797,36.6688346862793,30.71639060974121,142.32199096679688,90.22348022460938
2024-04-30,490.0536193847656,42.6385498046875,76.04808044433594,43.86347579956055,39.13676071166992,118.1475830078125,96.90263366699219,71.60680389404297,33.79914093017578,31.4843692779541,135.6810760498047,86.35358428955078
2024-05-31,514.8402099609375,44.03369903564453,81.32241821289062,43.71338653564453,40.37796401977539,120.08235931396484,103.76042938232422,73.3519287109375,35.536258697509766,34.305423736572266,138.939453125,86.52568817138672
2024-06-30,531.2900390625,42.48460006713867,83.66657257080078,42.75188446044922,39.86402893066406,118.48787689208984,111.69451904296875,72.63111877441406,35.87248229980469,32.14481735229492,140.92156982421875,89.68734741210938
2024-07-31,539.4581909179688,44.538326263427734,84.01510620117188,44.069156646728516,42.58226013183594,124.73869323730469,108.2156753540039,74.39308166503906,38.859642028808594,34.61530685424805,145.23988342285156,92.38848114013672
2024-08-31,552.0629272460938,45.57274627685547,85.5134506225586,43.15666580200195,44.52932357788086,128.2508087158203,108.97240447998047,78.84616088867188,41.086116790771484,36.27973175048828,152.58778381347656,92.2061538696289
2024-09-30,561.9351806640625,46.58783721923828,88.52973175048828,41.5113410949707,44.12043380737305,132.13365173339844,111.65800476074219,79.31439208984375,42.142757415771484,38.414947509765625,149.50106811523438,98.73529052734375
2024-10-31,558.6290283203125,45.344032287597656,90.40936279296875,42.230743408203125,45.413841247558594,130.98684692382812,110.114501953125,76.96915435791016,41.04159927368164,38.25873565673828,143.09255981445312,97.22064208984375
2024-11-30,591.94189453125,46.0189208984375,96.65668487548828,45.539031982421875,50.1623649597168,140.93101501464844,115.80751037597656,79.94722747802734,42.75165939331055,39.704627990722656,143.6186981201172,109.76764678955078
2024-12-31,575.761962890625,40.85283660888672,95.09485626220703,40.834022521972656,47.221412658691406,128.9608154296875,115.2079849243164,75.5185317993164,38.63800048828125,36.238311767578125,134.03176879882812,110.77989959716797
